titre,realisateur,annee,genre,acteur1,acteur2,acteur3
The Burning Truth Project,Wes Anderson,2008,Comédie,Brad Pitt,Denzel Washington,Emma Stone
The Hidden Promise Game,Ron Howard,2011,Horreur,Chris Hemsworth,Natalie Portman,Emily Blunt
The Last Promise Protocol,Denis Villeneuve,2024,Science-fiction,Denzel Washington,Anne Hathaway,Tom Cruise
The Infinite Secret Files,Martin Scorsese,2004,Comédie,Sandra Bullock,Chris Hemsworth,Jennifer Lawrence
The Infinite Shadow Story,Peter Jackson,1983,Action,Keanu Reeves,Matt Damon,Gal Gadot
The Golden Mission Code,Christopher Nolan,1993,Romance,Mark Ruffalo,Keanu Reeves,Chris Hemsworth
The Hidden Shadow Saga,David Fincher,2008,Comédie,Hugh Jackman,Natalie Portman,Scarlett Johansson
The Lost Mission Code,Denis Villeneuve,2008,Comédie,Johnny Depp,Jennifer Lawrence,Al Pacino
The Infinite Journey Saga,Wes Anderson,1994,Romance,Tom Hanks,Zendaya,Anne Hathaway
The Hidden Promise Legacy,Stanley Kubrick,1996,Drame,Meryl Streep,Natalie Portman,Chris Hemsworth
The Burning Echo Story,Ron Howard,1986,Horreur,Scarlett Johansson,Robert De Niro,Emma Stone
The Hidden Promise Files,Robert Zemeckis,1987,Animation,Tom Hanks,Johnny Depp,Gal Gadot
The Burning Mission Chronicles,Francis Ford Coppola,2009,Comédie,Keanu Reeves,Anne Hathaway,Jennifer Lawrence
The Last Journey Chronicles,Greta Gerwig,2005,Action,Robert De Niro,Hugh Jackman,Natalie Portman
The Lost Promise Saga,Quentin Tarantino,1993,Thriller,Christian Bale,Zendaya,Brad Pitt
The Infinite Promise Saga,Bong Joon-ho,1999,Romance,Natalie Portman,Robert De Niro,Sandra Bullock
The Broken Dream Game,Quentin Tarantino,2004,Romance,Meryl Streep,Tom Cruise,Al Pacino
The Silent Mission Protocol,Francis Ford Coppola,1980,Action,Zendaya,Anne Hathaway,Leonardo DiCaprio
The Last Memory Story,Steven Spielberg,2022,Science-fiction,Joaquin Phoenix,Ryan Gosling,Tom Cruise
The Golden Shadow Affair,Steven Spielberg,2004,Science-fiction,Keanu Reeves,Sandra Bullock,Brad Pitt
The Lost Mission Affair,Francis Ford Coppola,2006,Drame,Sandra Bullock,Scarlett Johansson,Chris Evans
The Frozen Echo Game,Tim Burton,2004,Thriller,Jennifer Lawrence,Charlize Theron,Chris Hemsworth
The Dark Memory Game,Guillermo del Toro,1987,Science-fiction,Gal Gadot,Morgan Freeman,Joaquin Phoenix
The Frozen Echo Saga,Wes Anderson,2016,Horreur,Denzel Washington,Johnny Depp,Gal Gadot
The Burning Shadow Game,Steven Spielberg,1980,Comédie,Johnny Depp,Ryan Gosling,Christian Bale
The Lost Promise Story,Quentin Tarantino,2016,Action,Emma Stone,Leonardo DiCaprio,Meryl Streep
The Lost Truth Protocol,Martin Scorsese,2006,Science-fiction,Ryan Gosling,Emily Blunt,Emma Stone
The Dark Mission Legacy,Coen Brothers,1984,Science-fiction,Leonardo DiCaprio,Al Pacino,Chris Evans
The Broken Empire Affair,Francis Ford Coppola,1994,Action,Emma Stone,Al Pacino,Scarlett Johansson
The Infinite Truth Story,Robert Zemeckis,1993,Romance,Tom Hanks,Sandra Bullock,Brad Pitt
The Hidden Empire Protocol,George Lucas,1995,Science-fiction,Leonardo DiCaprio,Chris Hemsworth,Christian Bale
The Dark Echo Protocol,Coen Brothers,1987,Science-fiction,Christian Bale,Gal Gadot,Cate Blanchett
The Infinite Memory Legacy,Guillermo del Toro,2017,Action,Emma Stone,Sandra Bullock,Robert De Niro
The Dark Echo Files,Tim Burton,2012,Animation,Sandra Bullock,Christian Bale,Cate Blanchett
The Silent Echo Saga,Wes Anderson,2017,Action,Joaquin Phoenix,Jennifer Lawrence,Tom Hanks
The Last Echo Game,Quentin Tarantino,2018,Animation,Jennifer Lawrence,Denzel Washington,Gal Gadot
The Dark Memory Affair,Ron Howard,2001,Science-fiction,Hugh Jackman,Al Pacino,Christian Bale
The Dark Echo Legacy,Francis Ford Coppola,1992,Action,Matt Damon,Tom Hanks,Chris Evans
The Infinite Mission Chronicles,Bong Joon-ho,1984,Science-fiction,Brad Pitt,Robert De Niro,Zendaya
The Last Promise Code,Ridley Scott,1990,Animation,Morgan Freeman,Leonardo DiCaprio,Matt Damon
The Silent Truth Affair,Robert Zemeckis,1989,Drame,Zendaya,Tom Hanks,Brad Pitt
The Lost Empire Chronicles,Francis Ford Coppola,1983,Action,Mark Ruffalo,Keanu Reeves,Tom Hanks
The Frozen Empire Affair,Greta Gerwig,1982,Comédie,Gal Gadot,Meryl Streep,Sandra Bullock
The Infinite Secret Game,Christopher Nolan,2024,Horreur,Emma Stone,Tom Hanks,Jennifer Lawrence
The Infinite Mission Affair,Coen Brothers,2023,Thriller,Brad Pitt,Mark Ruffalo,Anne Hathaway
The Broken Dream Files,Stanley Kubrick,2008,Thriller,Joaquin Phoenix,Gal Gadot,Ryan Gosling
The Infinite Mission Game,Greta Gerwig,1987,Thriller,Meryl Streep,Mark Ruffalo,Robert De Niro
The Last Memory Files,David Fincher,2016,Horreur,Gal Gadot,Tom Cruise,Natalie Portman
The Golden Echo Story,James Cameron,2016,Comédie,Matt Damon,Hugh Jackman,Morgan Freeman
The Lost Mission Legacy,Quentin Tarantino,1996,Drame,Johnny Depp,Emily Blunt,Keanu Reeves
The Lost Echo Game,Ron Howard,2004,Romance,Al Pacino,Chris Evans,Anne Hathaway
The Golden Shadow Code,James Cameron,1999,Drame,Mark Ruffalo,Tom Cruise,Morgan Freeman
The Hidden Empire Saga,Tim Burton,2011,Comédie,Denzel Washington,Brad Pitt,Gal Gadot
The Golden Echo Files,George Lucas,2003,Science-fiction,Jennifer Lawrence,Christian Bale,Zendaya
The Burning Dream Protocol,Ridley Scott,2010,Thriller,Al Pacino,Charlize Theron,Brad Pitt
The Infinite Journey Game,Ridley Scott,1982,Science-fiction,Scarlett Johansson,Brad Pitt,Denzel Washington
The Last Mission Saga,Peter Jackson,1980,Thriller,Anne Hathaway,Ryan Gosling,Emma Stone
The Lost Echo Saga,Ron Howard,2016,Action,Leonardo DiCaprio,Mark Ruffalo,Sandra Bullock
The Infinite Truth Affair,Francis Ford Coppola,2015,Animation,Robert De Niro,Johnny Depp,Natalie Portman
The Broken Journey Saga,Stanley Kubrick,1983,Drame,Chris Hemsworth,Chris Evans,Brad Pitt
The Infinite Promise Protocol,Robert Zemeckis,2005,Horreur,Jennifer Lawrence,Joaquin Phoenix,Keanu Reeves
The Hidden Shadow Affair,Steven Spielberg,1993,Science-fiction,Brad Pitt,Hugh Jackman,Charlize Theron
The Silent Shadow Game,Stanley Kubrick,2002,Science-fiction,Mark Ruffalo,Johnny Depp,Emily Blunt
The Golden Memory Project,Wes Anderson,1984,Comédie,Joaquin Phoenix,Zendaya,Tom Cruise
The Broken Memory Game,David Fincher,2015,Action,Tom Cruise,Morgan Freeman,Natalie Portman
The Silent Promise Story,Wes Anderson,1991,Thriller,Denzel Washington,Brad Pitt,Natalie Portman
The Frozen Promise Project,George Lucas,1995,Thriller,Al Pacino,Cate Blanchett,Scarlett Johansson
The Last Shadow Chronicles,Christopher Nolan,2016,Animation,Anne Hathaway,Joaquin Phoenix,Robert De Niro
The Hidden Secret Project,Robert Zemeckis,2015,Science-fiction,Leonardo DiCaprio,Chris Evans,Robert De Niro
The Burning Empire Affair,James Cameron,1991,Comédie,Emily Blunt,Chris Evans,Jennifer Lawrence
The Lost Empire Protocol,David Fincher,2004,Action,Gal Gadot,Charlize Theron,Tom Cruise
The Dark Memory Legacy,Ridley Scott,2015,Horreur,Johnny Depp,Natalie Portman,Jennifer Lawrence
The Infinite Memory Affair,Stanley Kubrick,2014,Science-fiction,Al Pacino,Matt Damon,Natalie Portman
The Hidden Truth Affair,Peter Jackson,2006,Horreur,Meryl Streep,Tom Cruise,Chris Evans
The Lost Dream Legacy,Tim Burton,2009,Comédie,Cate Blanchett,Anne Hathaway,Tom Cruise
The Hidden Empire Files,Tim Burton,2008,Comédie,Matt Damon,Gal Gadot,Jennifer Lawrence
The Burning Dream Protocol,Coen Brothers,1986,Animation,Anne Hathaway,Leonardo DiCaprio,Keanu Reeves
The Last Echo Chronicles,James Cameron,2010,Romance,Tom Hanks,Christian Bale,Robert De Niro
The Hidden Secret Code,Coen Brothers,2024,Animation,Sandra Bullock,Robert De Niro,Christian Bale
The Frozen Secret Affair,Denis Villeneuve,2008,Action,Anne Hathaway,Meryl Streep,Natalie Portman
The Last Memory Chronicles,Martin Scorsese,1993,Animation,Keanu Reeves,Chris Evans,Emma Stone
The Hidden Secret Saga,Quentin Tarantino,2010,Thriller,Ryan Gosling,Leonardo DiCaprio,Gal Gadot
The Golden Truth Code,Coen Brothers,2020,Thriller,Chris Evans,Emily Blunt,Zendaya
The Infinite Promise Legacy,Tim Burton,1996,Romance,Mark Ruffalo,Emily Blunt,Al Pacino
The Frozen Mission Project,Stanley Kubrick,2000,Drame,Meryl Streep,Hugh Jackman,Christian Bale
The Silent Truth Code,David Fincher,2002,Action,Morgan Freeman,Charlize Theron,Keanu Reeves
The Hidden Empire Protocol,Christopher Nolan,1991,Animation,Leonardo DiCaprio,Mark Ruffalo,Denzel Washington
The Last Journey Protocol,Guillermo del Toro,2020,Drame,Scarlett Johansson,Mark Ruffalo,Chris Evans
The Last Mission Story,Peter Jackson,2014,Drame,Emma Stone,Matt Damon,Chris Evans
The Golden Mission Game,Steven Spielberg,1994,Drame,Al Pacino,Matt Damon,Sandra Bullock
The Silent Promise Code,Martin Scorsese,1993,Science-fiction,Matt Damon,Zendaya,Leonardo DiCaprio
The Broken Secret Chronicles,Quentin Tarantino,2009,Animation,Robert De Niro,Matt Damon,Zendaya
The Lost Shadow Protocol,Ridley Scott,2007,Drame,Gal Gadot,Mark Ruffalo,Emily Blunt
The Golden Journey Saga,Robert Zemeckis,2012,Romance,Natalie Portman,Sandra Bullock,Christian Bale
The Golden Secret Protocol,Martin Scorsese,2016,Science-fiction,Anne Hathaway,Scarlett Johansson,Mark Ruffalo
The Broken Empire Files,David Fincher,1994,Horreur,Denzel Washington,Brad Pitt,Natalie Portman
The Hidden Memory Protocol,Christopher Nolan,2009,Thriller,Johnny Depp,Tom Cruise,Anne Hathaway
The Burning Dream Protocol,Coen Brothers,2012,Romance,Chris Hemsworth,Denzel Washington,Cate Blanchett
The Burning Secret Saga,Robert Zemeckis,1992,Romance,Morgan Freeman,Meryl Streep,Zendaya
The Hidden Memory Legacy,Wes Anderson,1984,Science-fiction,Ryan Gosling,Gal Gadot,Joaquin Phoenix
The Dark Journey Project,Denis Villeneuve,2005,Horreur,Zendaya,Leonardo DiCaprio,Scarlett Johansson
The Silent Memory Saga,Denis Villeneuve,1995,Drame,Emma Stone,Natalie Portman,Morgan Freeman
The Golden Secret Saga,Quentin Tarantino,2001,Action,Morgan Freeman,Zendaya,Johnny Depp
The Burning Shadow Project,Tim Burton,2008,Action,Morgan Freeman,Cate Blanchett,Mark Ruffalo
The Silent Truth Legacy,George Lucas,2004,Comédie,Hugh Jackman,Emma Stone,Tom Hanks
The Broken Empire Saga,Peter Jackson,1986,Horreur,Jennifer Lawrence,Emily Blunt,Meryl Streep
The Silent Empire Protocol,Wes Anderson,2010,Romance,Matt Damon,Sandra Bullock,Emma Stone
The Lost Shadow Legacy,Robert Zemeckis,1982,Science-fiction,Chris Hemsworth,Tom Hanks,Robert De Niro
The Frozen Memory Code,Francis Ford Coppola,2008,Action,Meryl Streep,Charlize Theron,Cate Blanchett
The Golden Journey Story,Quentin Tarantino,2006,Animation,Johnny Depp,Emily Blunt,Keanu Reeves
The Dark Shadow Files,Christopher Nolan,1988,Horreur,Christian Bale,Jennifer Lawrence,Denzel Washington
The Frozen Dream Project,Stanley Kubrick,2023,Drame,Christian Bale,Ryan Gosling,Charlize Theron
The Infinite Truth Protocol,Robert Zemeckis,1990,Drame,Johnny Depp,Christian Bale,Zendaya
The Last Journey Affair,Steven Spielberg,2004,Comédie,Zendaya,Mark Ruffalo,Leonardo DiCaprio
The Burning Promise Affair,Denis Villeneuve,2007,Drame,Matt Damon,Meryl Streep,Leonardo DiCaprio
The Last Mission Legacy,Guillermo del Toro,1989,Romance,Christian Bale,Ryan Gosling,Joaquin Phoenix
The Lost Secret Code,Denis Villeneuve,2017,Romance,Chris Evans,Ryan Gosling,Johnny Depp
The Hidden Promise Code,Bong Joon-ho,2018,Comédie,Johnny Depp,Anne Hathaway,Tom Hanks
The Golden Dream Saga,Guillermo del Toro,2010,Animation,Jennifer Lawrence,Matt Damon,Hugh Jackman
The Lost Mission Game,Denis Villeneuve,1993,Horreur,Matt Damon,Mark Ruffalo,Christian Bale
The Broken Secret Protocol,David Fincher,2024,Drame,Denzel Washington,Matt Damon,Anne Hathaway
The Broken Promise Files,James Cameron,1999,Drame,Emily Blunt,Tom Hanks,Al Pacino
The Infinite Dream Project,Robert Zemeckis,1996,Science-fiction,Leonardo DiCaprio,Christian Bale,Robert De Niro
The Broken Mission Files,Robert Zemeckis,2016,Thriller,Morgan Freeman,Emily Blunt,Jennifer Lawrence
The Silent Truth Code,Martin Scorsese,2004,Animation,Morgan Freeman,Tom Cruise,Hugh Jackman
The Silent Empire Code,Ron Howard,2019,Drame,Tom Hanks,Chris Evans,Charlize Theron
The Dark Promise Protocol,Ron Howard,2003,Horreur,Gal Gadot,Al Pacino,Natalie Portman
The Last Mission Files,Denis Villeneuve,2010,Science-fiction,Gal Gadot,Zendaya,Al Pacino
The Dark Mission Affair,Steven Spielberg,2002,Action,Sandra Bullock,Denzel Washington,Gal Gadot
The Frozen Empire Story,Steven Spielberg,2007,Romance,Natalie Portman,Joaquin Phoenix,Zendaya
The Dark Dream Affair,George Lucas,2017,Animation,Jennifer Lawrence,Scarlett Johansson,Denzel Washington
The Lost Truth Protocol,Francis Ford Coppola,2002,Animation,Anne Hathaway,Tom Cruise,Chris Evans
The Burning Journey Chronicles,Bong Joon-ho,1996,Animation,Anne Hathaway,Christian Bale,Emma Stone
The Burning Memory Legacy,Bong Joon-ho,1986,Animation,Scarlett Johansson,Jennifer Lawrence,Emma Stone
The Dark Mission Chronicles,Guillermo del Toro,2002,Drame,Charlize Theron,Denzel Washington,Brad Pitt
The Hidden Echo Saga,Bong Joon-ho,2002,Animation,Tom Hanks,Hugh Jackman,Leonardo DiCaprio
The Golden Memory Project,Bong Joon-ho,2021,Thriller,Anne Hathaway,Denzel Washington,Leonardo DiCaprio
The Burning Shadow Legacy,Peter Jackson,2012,Drame,Cate Blanchett,Sandra Bullock,Johnny Depp
The Frozen Memory Code,Ridley Scott,2023,Action,Meryl Streep,Hugh Jackman,Tom Cruise
The Burning Journey Protocol,Steven Spielberg,2009,Drame,Cate Blanchett,Mark Ruffalo,Joaquin Phoenix
The Dark Echo Saga,Ron Howard,1986,Drame,Christian Bale,Al Pacino,Charlize Theron
The Lost Echo Saga,Ron Howard,2012,Comédie,Tom Cruise,Denzel Washington,Anne Hathaway
The Infinite Echo Protocol,Bong Joon-ho,2018,Horreur,Chris Evans,Zendaya,Natalie Portman
The Dark Mission Project,Denis Villeneuve,1981,Thriller,Jennifer Lawrence,Robert De Niro,Gal Gadot
The Frozen Echo Game,George Lucas,2018,Animation,Gal Gadot,Brad Pitt,Matt Damon
The Frozen Dream Chronicles,Martin Scorsese,2019,Comédie,Charlize Theron,Gal Gadot,Cate Blanchett
The Last Secret Legacy,Denis Villeneuve,2018,Science-fiction,Jennifer Lawrence,Chris Hemsworth,Brad Pitt
The Golden Truth Story,George Lucas,1995,Action,Keanu Reeves,Gal Gadot,Morgan Freeman
The Golden Memory Code,Denis Villeneuve,2022,Action,Jennifer Lawrence,Charlize Theron,Chris Hemsworth
The Frozen Truth Protocol,Peter Jackson,1989,Thriller,Meryl Streep,Zendaya,Anne Hathaway
The Infinite Promise Chronicles,Tim Burton,1998,Animation,Johnny Depp,Mark Ruffalo,Zendaya
The Golden Empire Files,Greta Gerwig,2012,Drame,Johnny Depp,Tom Cruise,Ryan Gosling
The Silent Shadow Affair,George Lucas,2009,Horreur,Brad Pitt,Matt Damon,Ryan Gosling
The Frozen Shadow Legacy,Robert Zemeckis,1999,Romance,Mark Ruffalo,Emma Stone,Robert De Niro
The Broken Echo Saga,Francis Ford Coppola,1984,Animation,Tom Cruise,Chris Evans,Brad Pitt
The Last Dream Saga,Denis Villeneuve,1994,Horreur,Chris Hemsworth,Chris Evans,Charlize Theron
The Broken Mission Chronicles,Coen Brothers,2022,Animation,Christian Bale,Natalie Portman,Chris Evans
The Dark Empire Affair,Greta Gerwig,2000,Science-fiction,Johnny Depp,Chris Evans,Jennifer Lawrence
The Burning Shadow Saga,Ron Howard,2011,Romance,Tom Cruise,Meryl Streep,Johnny Depp
The Last Empire Protocol,Martin Scorsese,1982,Comédie,Al Pacino,Natalie Portman,Emma Stone
The Golden Promise Code,Greta Gerwig,2011,Thriller,Joaquin Phoenix,Anne Hathaway,Ryan Gosling
The Burning Memory Chronicles,Peter Jackson,1987,Action,Al Pacino,Meryl Streep,Sandra Bullock
The Last Empire Protocol,George Lucas,1992,Science-fiction,Ryan Gosling,Charlize Theron,Christian Bale
The Hidden Promise Files,Denis Villeneuve,2016,Drame,Natalie Portman,Johnny Depp,Charlize Theron
The Infinite Shadow Story,George Lucas,2010,Science-fiction,Leonardo DiCaprio,Scarlett Johansson,Zendaya
The Broken Dream Files,Peter Jackson,2012,Science-fiction,Hugh Jackman,Mark Ruffalo,Christian Bale
The Lost Dream Code,James Cameron,2023,Drame,Leonardo DiCaprio,Al Pacino,Jennifer Lawrence
The Infinite Memory Files,Martin Scorsese,1991,Horreur,Matt Damon,Anne Hathaway,Cate Blanchett
The Burning Truth Legacy,Greta Gerwig,1982,Thriller,Johnny Depp,Denzel Washington,Cate Blanchett
The Lost Journey Story,Ron Howard,2017,Thriller,Christian Bale,Keanu Reeves,Ryan Gosling
The Infinite Echo Affair,George Lucas,1986,Comédie,Emma Stone,Leonardo DiCaprio,Cate Blanchett
The Hidden Dream Saga,Quentin Tarantino,1998,Horreur,Mark Ruffalo,Charlize Theron,Emma Stone
The Silent Echo Game,Peter Jackson,2005,Science-fiction,Joaquin Phoenix,Jennifer Lawrence,Johnny Depp
The Frozen Mission Story,Quentin Tarantino,1987,Science-fiction,Scarlett Johansson,Keanu Reeves,Mark Ruffalo
The Lost Memory Story,Steven Spielberg,2008,Romance,Brad Pitt,Zendaya,Chris Evans
The Hidden Empire Chronicles,Ridley Scott,2003,Horreur,Morgan Freeman,Hugh Jackman,Joaquin Phoenix
The Dark Memory Game,George Lucas,1999,Drame,Keanu Reeves,Leonardo DiCaprio,Zendaya
The Golden Promise Affair,Steven Spielberg,2005,Comédie,Emily Blunt,Christian Bale,Keanu Reeves
The Frozen Shadow Files,Greta Gerwig,2023,Science-fiction,Charlize Theron,Jennifer Lawrence,Chris Evans
The Hidden Promise Game,Ridley Scott,1980,Action,Al Pacino,Sandra Bullock,Zendaya
The Infinite Journey Saga,George Lucas,2003,Romance,Emily Blunt,Joaquin Phoenix,Chris Evans
The Frozen Journey Saga,Steven Spielberg,1983,Horreur,Ryan Gosling,Gal Gadot,Zendaya
The Broken Shadow Legacy,Martin Scorsese,2004,Action,Chris Hemsworth,Jennifer Lawrence,Gal Gadot
The Frozen Empire Story,Steven Spielberg,2021,Action,Brad Pitt,Chris Evans,Jennifer Lawrence
The Lost Journey Game,George Lucas,2000,Drame,Robert De Niro,Chris Evans,Mark Ruffalo
The Broken Secret Chronicles,Guillermo del Toro,1987,Animation,Scarlett Johansson,Mark Ruffalo,Anne Hathaway
The Silent Mission Game,Coen Brothers,1982,Thriller,Christian Bale,Joaquin Phoenix,Mark Ruffalo
The Hidden Secret Game,Stanley Kubrick,1985,Thriller,Mark Ruffalo,Morgan Freeman,Sandra Bullock
The Last Truth Files,Robert Zemeckis,1991,Comédie,Charlize Theron,Hugh Jackman,Al Pacino
The Silent Echo Chronicles,Bong Joon-ho,2002,Animation,Chris Hemsworth,Ryan Gosling,Robert De Niro
The Frozen Memory Legacy,Guillermo del Toro,1990,Thriller,Morgan Freeman,Matt Damon,Emma Stone
The Hidden Echo Story,Peter Jackson,2020,Drame,Leonardo DiCaprio,Natalie Portman,Morgan Freeman
The Infinite Promise Files,Francis Ford Coppola,2023,Thriller,Christian Bale,Al Pacino,Emma Stone
The Infinite Truth Protocol,Robert Zemeckis,1987,Animation,Leonardo DiCaprio,Tom Hanks,Christian Bale
The Golden Journey Chronicles,Bong Joon-ho,1982,Thriller,Sandra Bullock,Johnny Depp,Gal Gadot
The Dark Shadow Code,Christopher Nolan,2002,Thriller,Sandra Bullock,Morgan Freeman,Jennifer Lawrence
The Golden Mission Files,Bong Joon-ho,2003,Comédie,Ryan Gosling,Joaquin Phoenix,Mark Ruffalo
The Broken Truth Affair,James Cameron,2005,Thriller,Charlize Theron,Cate Blanchett,Joaquin Phoenix
The Burning Empire Chronicles,Martin Scorsese,2014,Drame,Keanu Reeves,Mark Ruffalo,Morgan Freeman
The Hidden Empire Project,Ridley Scott,1981,Romance,Natalie Portman,Chris Evans,Ryan Gosling
The Silent Memory Saga,Wes Anderson,2018,Thriller,Ryan Gosling,Matt Damon,Charlize Theron
The Silent Empire Protocol,George Lucas,2012,Romance,Charlize Theron,Anne Hathaway,Chris Hemsworth
The Frozen Journey Story,Ron Howard,2023,Action,Anne Hathaway,Emma Stone,Chris Hemsworth
The Last Journey Files,Stanley Kubrick,1981,Thriller,Matt Damon,Tom Hanks,Morgan Freeman
The Last Secret Legacy,Ridley Scott,1998,Comédie,Chris Evans,Leonardo DiCaprio,Chris Hemsworth
The Infinite Truth Legacy,Peter Jackson,1998,Thriller,Natalie Portman,Ryan Gosling,Mark Ruffalo
The Infinite Truth Legacy,Denis Villeneuve,2004,Comédie,Scarlett Johansson,Christian Bale,Meryl Streep
The Silent Dream Story,Francis Ford Coppola,1996,Horreur,Chris Hemsworth,Mark Ruffalo,Denzel Washington
The Infinite Mission Project,Robert Zemeckis,2009,Action,Morgan Freeman,Chris Evans,Scarlett Johansson
The Dark Truth Files,Ron Howard,1995,Horreur,Chris Evans,Emily Blunt,Joaquin Phoenix
The Dark Truth Project,Ridley Scott,2004,Action,Zendaya,Tom Hanks,Emma Stone
The Broken Journey Project,Wes Anderson,1981,Comédie,Gal Gadot,Emily Blunt,Mark Ruffalo
The Hidden Truth Story,Martin Scorsese,2014,Comédie,Al Pacino,Ryan Gosling,Mark Ruffalo
The Dark Mission Chronicles,Peter Jackson,1984,Horreur,Robert De Niro,Gal Gadot,Jennifer Lawrence
The Infinite Empire Story,David Fincher,1985,Romance,Matt Damon,Jennifer Lawrence,Anne Hathaway
The Golden Memory Protocol,Martin Scorsese,1980,Thriller,Mark Ruffalo,Sandra Bullock,Chris Evans
The Burning Dream Game,David Fincher,1987,Drame,Jennifer Lawrence,Meryl Streep,Ryan Gosling
The Last Dream Project,David Fincher,2020,Comédie,Zendaya,Joaquin Phoenix,Emma Stone
The Broken Promise Affair,Denis Villeneuve,2013,Horreur,Mark Ruffalo,Tom Hanks,Natalie Portman
The Burning Shadow Affair,Greta Gerwig,1995,Romance,Zendaya,Al Pacino,Keanu Reeves
The Dark Mission Files,David Fincher,2007,Action,Joaquin Phoenix,Matt Damon,Gal Gadot
The Infinite Truth Protocol,Francis Ford Coppola,2009,Science-fiction,Emily Blunt,Hugh Jackman,Zendaya
The Last Dream Game,Steven Spielberg,1997,Romance,Leonardo DiCaprio,Emma Stone,Gal Gadot
The Dark Secret Files,Tim Burton,1997,Drame,Meryl Streep,Christian Bale,Gal Gadot
The Frozen Truth Code,Martin Scorsese,1983,Romance,Zendaya,Tom Cruise,Keanu Reeves
The Broken Truth Affair,David Fincher,1987,Romance,Johnny Depp,Scarlett Johansson,Gal Gadot
The Dark Journey Game,Coen Brothers,1981,Action,Leonardo DiCaprio,Al Pacino,Joaquin Phoenix
The Dark Empire Project,Coen Brothers,2008,Action,Morgan Freeman,Anne Hathaway,Zendaya
The Broken Memory Protocol,James Cameron,2023,Science-fiction,Emily Blunt,Keanu Reeves,Hugh Jackman
The Lost Dream Code,Greta Gerwig,2007,Comédie,Christian Bale,Sandra Bullock,Keanu Reeves
The Frozen Secret Game,Peter Jackson,1990,Animation,Sandra Bullock,Mark Ruffalo,Charlize Theron
The Dark Shadow Story,Wes Anderson,1999,Comédie,Tom Hanks,Keanu Reeves,Natalie Portman
The Broken Dream Code,Stanley Kubrick,1980,Science-fiction,Al Pacino,Mark Ruffalo,Cate Blanchett
The Hidden Dream Protocol,Bong Joon-ho,2001,Comédie,Ryan Gosling,Chris Hemsworth,Morgan Freeman
The Broken Memory Affair,Guillermo del Toro,2015,Thriller,Mark Ruffalo,Keanu Reeves,Jennifer Lawrence
The Hidden Echo Files,Bong Joon-ho,1992,Science-fiction,Meryl Streep,Denzel Washington,Emily Blunt
The Silent Dream Game,Coen Brothers,2006,Action,Leonardo DiCaprio,Emily Blunt,Brad Pitt
The Infinite Journey Story,Christopher Nolan,1983,Horreur,Chris Evans,Scarlett Johansson,Matt Damon
The Infinite Empire Protocol,Guillermo del Toro,2000,Drame,Keanu Reeves,Johnny Depp,Natalie Portman
The Dark Dream Game,Greta Gerwig,2004,Science-fiction,Natalie Portman,Gal Gadot,Ryan Gosling
The Silent Promise Legacy,Ridley Scott,2016,Action,Joaquin Phoenix,Hugh Jackman,Sandra Bullock
The Golden Memory Saga,David Fincher,2005,Action,Gal Gadot,Joaquin Phoenix,Christian Bale
The Broken Truth Game,Ridley Scott,1983,Romance,Zendaya,Anne Hathaway,Cate Blanchett
The Hidden Truth Legacy,James Cameron,1990,Horreur,Keanu Reeves,Morgan Freeman,Al Pacino
The Broken Echo Legacy,Steven Spielberg,2023,Animation,Anne Hathaway,Cate Blanchett,Chris Hemsworth
The Burning Echo Affair,Quentin Tarantino,2020,Comédie,Keanu Reeves,Meryl Streep,Gal Gadot
The Burning Mission Legacy,Ron Howard,1987,Thriller,Tom Cruise,Anne Hathaway,Robert De Niro
The Golden Empire Chronicles,James Cameron,2013,Action,Anne Hathaway,Natalie Portman,Morgan Freeman
The Frozen Mission Files,Stanley Kubrick,2007,Comédie,Jennifer Lawrence,Anne Hathaway,Scarlett Johansson
The Golden Dream Legacy,Stanley Kubrick,2021,Animation,Matt Damon,Cate Blanchett,Tom Cruise
The Frozen Secret Project,James Cameron,1998,Romance,Al Pacino,Johnny Depp,Tom Hanks
The Broken Echo Code,Ron Howard,2019,Action,Sandra Bullock,Tom Cruise,Christian Bale
The Lost Dream Project,Ron Howard,2004,Science-fiction,Charlize Theron,Jennifer Lawrence,Zendaya
The Dark Journey Game,Greta Gerwig,1998,Drame,Christian Bale,Emma Stone,Ryan Gosling
The Frozen Dream Story,Bong Joon-ho,2009,Romance,Johnny Depp,Sandra Bullock,Matt Damon
The Burning Memory Protocol,Peter Jackson,2008,Drame,Mark Ruffalo,Christian Bale,Tom Hanks
The Burning Journey Game,Martin Scorsese,2010,Action,Meryl Streep,Anne Hathaway,Robert De Niro
The Silent Secret Chronicles,Bong Joon-ho,2023,Action,Johnny Depp,Jennifer Lawrence,Zendaya
The Hidden Shadow Chronicles,Ron Howard,1981,Thriller,Matt Damon,Tom Hanks,Cate Blanchett
The Hidden Secret Chronicles,Denis Villeneuve,2006,Thriller,Zendaya,Chris Evans,Sandra Bullock
The Hidden Secret Legacy,Bong Joon-ho,2004,Romance,Leonardo DiCaprio,Natalie Portman,Cate Blanchett
The Broken Memory Project,Greta Gerwig,2024,Horreur,Christian Bale,Morgan Freeman,Emily Blunt
The Dark Shadow Saga,Martin Scorsese,2017,Animation,Christian Bale,Leonardo DiCaprio,Natalie Portman
The Burning Empire Files,Martin Scorsese,1995,Animation,Sandra Bullock,Meryl Streep,Denzel Washington
The Dark Truth Code,Wes Anderson,1980,Comédie,Zendaya,Brad Pitt,Meryl Streep
The Burning Echo Affair,Greta Gerwig,2005,Science-fiction,Gal Gadot,Zendaya,Charlize Theron
The Frozen Truth Project,Wes Anderson,1983,Drame,Denzel Washington,Cate Blanchett,Meryl Streep
The Silent Empire Affair,James Cameron,1990,Comédie,Sandra Bullock,Robert De Niro,Charlize Theron
The Infinite Secret Project,Coen Brothers,2017,Thriller,Zendaya,Jennifer Lawrence,Robert De Niro
The Burning Truth Project,Peter Jackson,1997,Action,Denzel Washington,Tom Cruise,Sandra Bullock
The Broken Promise Chronicles,David Fincher,1982,Horreur,Natalie Portman,Sandra Bullock,Emma Stone
The Dark Promise Chronicles,Stanley Kubrick,1987,Action,Tom Hanks,Al Pacino,Brad Pitt
The Last Echo Game,Ron Howard,2020,Romance,Robert De Niro,Scarlett Johansson,Keanu Reeves
The Golden Echo Saga,Tim Burton,2001,Action,Zendaya,Jennifer Lawrence,Brad Pitt
The Infinite Shadow Affair,Bong Joon-ho,2011,Drame,Robert De Niro,Sandra Bullock,Gal Gadot
The Dark Journey Files,James Cameron,2011,Comédie,Tom Hanks,Leonardo DiCaprio,Ryan Gosling
The Last Memory Saga,Peter Jackson,1994,Drame,Matt Damon,Meryl Streep,Christian Bale
The Silent Echo Legacy,Stanley Kubrick,1998,Action,Robert De Niro,Leonardo DiCaprio,Brad Pitt
The Hidden Promise Project,Coen Brothers,2019,Thriller,Charlize Theron,Mark Ruffalo,Joaquin Phoenix
The Burning Dream Legacy,Wes Anderson,2004,Comédie,Tom Hanks,Robert De Niro,Al Pacino
The Last Secret Chronicles,Ridley Scott,1988,Action,Emily Blunt,Meryl Streep,Zendaya
The Burning Memory Code,Wes Anderson,1998,Horreur,Brad Pitt,Chris Hemsworth,Al Pacino
The Golden Promise Story,Ron Howard,1990,Comédie,Chris Evans,Emily Blunt,Chris Hemsworth
The Broken Dream Story,James Cameron,1982,Comédie,Cate Blanchett,Keanu Reeves,Leonardo DiCaprio
The Golden Memory Chronicles,Ridley Scott,2012,Drame,Emily Blunt,Zendaya,Scarlett Johansson
The Dark Secret Code,Ridley Scott,2003,Comédie,Christian Bale,Leonardo DiCaprio,Emma Stone
The Broken Shadow Game,Ridley Scott,1981,Horreur,Emily Blunt,Emma Stone,Joaquin Phoenix
The Golden Echo Protocol,Guillermo del Toro,1984,Comédie,Chris Hemsworth,Meryl Streep,Chris Evans
The Infinite Journey Project,Martin Scorsese,1986,Romance,Al Pacino,Sandra Bullock,Jennifer Lawrence
The Lost Memory Story,Guillermo del Toro,2005,Drame,Anne Hathaway,Scarlett Johansson,Denzel Washington
The Burning Promise Affair,Ridley Scott,1987,Thriller,Hugh Jackman,Emma Stone,Johnny Depp
The Last Empire Project,Stanley Kubrick,2000,Comédie,Jennifer Lawrence,Charlize Theron,Hugh Jackman
The Infinite Journey Chronicles,Ron Howard,1984,Drame,Robert De Niro,Charlize Theron,Denzel Washington
The Dark Promise Game,Greta Gerwig,1996,Horreur,Emma Stone,Leonardo DiCaprio,Charlize Theron
The Lost Truth Files,Stanley Kubrick,1987,Horreur,Leonardo DiCaprio,Denzel Washington,Charlize Theron
The Silent Journey Protocol,Greta Gerwig,1997,Action,Chris Hemsworth,Leonardo DiCaprio,Al Pacino
The Infinite Empire Project,Ridley Scott,2021,Comédie,Mark Ruffalo,Chris Evans,Christian Bale
The Golden Promise Story,Ridley Scott,1980,Romance,Al Pacino,Ryan Gosling,Sandra Bullock
The Burning Journey Legacy,Guillermo del Toro,1999,Horreur,Joaquin Phoenix,Christian Bale,Chris Hemsworth
The Dark Empire Legacy,Francis Ford Coppola,2016,Science-fiction,Hugh Jackman,Christian Bale,Ryan Gosling
The Golden Truth Legacy,Steven Spielberg,2011,Romance,Hugh Jackman,Emily Blunt,Jennifer Lawrence
The Lost Secret Game,Coen Brothers,1993,Comédie,Meryl Streep,Emma Stone,Hugh Jackman
The Lost Empire Game,Ridley Scott,2004,Thriller,Robert De Niro,Ryan Gosling,Sandra Bullock
The Infinite Dream Protocol,Denis Villeneuve,2009,Science-fiction,Christian Bale,Johnny Depp,Natalie Portman
The Burning Journey Code,Robert Zemeckis,1981,Action,Denzel Washington,Meryl Streep,Morgan Freeman
The Silent Truth Files,James Cameron,2024,Science-fiction,Christian Bale,Hugh Jackman,Cate Blanchett
The Last Journey Protocol,Greta Gerwig,1980,Drame,Emily Blunt,Gal Gadot,Jennifer Lawrence
The Dark Empire Files,Wes Anderson,1999,Drame,Cate Blanchett,Keanu Reeves,Tom Hanks
The Hidden Promise Protocol,George Lucas,1986,Comédie,Charlize Theron,Jennifer Lawrence,Scarlett Johansson
The Frozen Secret Code,Christopher Nolan,2016,Horreur,Zendaya,Sandra Bullock,Tom Cruise
The Lost Shadow Files,David Fincher,2005,Thriller,Chris Hemsworth,Mark Ruffalo,Brad Pitt
The Burning Journey Affair,Christopher Nolan,2004,Comédie,Mark Ruffalo,Meryl Streep,Tom Hanks
The Last Mission Code,David Fincher,2002,Science-fiction,Chris Hemsworth,Christian Bale,Ryan Gosling
The Dark Journey Files,Ron Howard,1982,Comédie,Tom Cruise,Jennifer Lawrence,Chris Evans
The Last Promise Files,Peter Jackson,2022,Action,Gal Gadot,Mark Ruffalo,Jennifer Lawrence
The Last Dream Code,Bong Joon-ho,2014,Thriller,Keanu Reeves,Denzel Washington,Joaquin Phoenix
The Last Truth Protocol,Stanley Kubrick,1999,Drame,Chris Evans,Joaquin Phoenix,Zendaya
The Dark Shadow Affair,Martin Scorsese,2021,Romance,Christian Bale,Gal Gadot,Robert De Niro
The Broken Echo Files,Tim Burton,1986,Thriller,Al Pacino,Christian Bale,Jennifer Lawrence
The Last Empire Story,Martin Scorsese,1991,Science-fiction,Brad Pitt,Gal Gadot,Joaquin Phoenix
The Dark Shadow Project,Quentin Tarantino,2007,Romance,Tom Cruise,Denzel Washington,Scarlett Johansson
The Dark Shadow Files,Robert Zemeckis,1980,Romance,Sandra Bullock,Joaquin Phoenix,Robert De Niro
The Golden Secret Protocol,Coen Brothers,2003,Horreur,Matt Damon,Anne Hathaway,Chris Evans
The Lost Promise Code,Denis Villeneuve,2023,Comédie,Charlize Theron,Chris Hemsworth,Emily Blunt
The Hidden Echo Code,Steven Spielberg,1989,Romance,Ryan Gosling,Tom Cruise,Sandra Bullock
The Frozen Truth Project,Steven Spielberg,1984,Romance,Cate Blanchett,Leonardo DiCaprio,Zendaya
The Broken Truth Chronicles,James Cameron,2019,Horreur,Hugh Jackman,Charlize Theron,Keanu Reeves
The Lost Memory Chronicles,Guillermo del Toro,2002,Thriller,Cate Blanchett,Keanu Reeves,Joaquin Phoenix
The Silent Dream Game,Wes Anderson,1983,Drame,Denzel Washington,Al Pacino,Jennifer Lawrence
The Dark Journey Saga,James Cameron,2024,Animation,Ryan Gosling,Matt Damon,Chris Evans
The Golden Journey Chronicles,Ridley Scott,2005,Animation,Leonardo DiCaprio,Keanu Reeves,Christian Bale
The Frozen Secret Files,Ron Howard,2004,Romance,Meryl Streep,Morgan Freeman,Sandra Bullock
The Dark Promise Affair,Wes Anderson,2014,Animation,Christian Bale,Brad Pitt,Tom Cruise
The Dark Echo Code,David Fincher,2003,Science-fiction,Tom Hanks,Matt Damon,Zendaya
The Infinite Echo Project,Robert Zemeckis,1983,Animation,Charlize Theron,Emma Stone,Joaquin Phoenix
The Silent Truth Legacy,Francis Ford Coppola,2014,Thriller,Al Pacino,Tom Hanks,Chris Evans
The Silent Shadow Code,Stanley Kubrick,2002,Romance,Mark Ruffalo,Leonardo DiCaprio,Christian Bale
The Broken Echo Affair,Robert Zemeckis,2022,Action,Joaquin Phoenix,Sandra Bullock,Leonardo DiCaprio
The Lost Truth Legacy,Robert Zemeckis,1988,Action,Johnny Depp,Meryl Streep,Ryan Gosling
The Dark Memory Game,Robert Zemeckis,1988,Action,Emma Stone,Morgan Freeman,Jennifer Lawrence
The Lost Shadow Files,George Lucas,2010,Science-fiction,Tom Cruise,Denzel Washington,Jennifer Lawrence
The Silent Shadow Code,Coen Brothers,1983,Action,Leonardo DiCaprio,Emily Blunt,Keanu Reeves
The Broken Empire Legacy,Stanley Kubrick,1993,Science-fiction,Emily Blunt,Denzel Washington,Chris Hemsworth
The Dark Empire Code,Francis Ford Coppola,1995,Science-fiction,Tom Hanks,Emily Blunt,Natalie Portman
The Broken Promise Protocol,James Cameron,1981,Horreur,Keanu Reeves,Christian Bale,Natalie Portman
The Broken Truth Files,James Cameron,2010,Thriller,Jennifer Lawrence,Chris Hemsworth,Brad Pitt
The Infinite Secret Chronicles,David Fincher,2022,Horreur,Johnny Depp,Chris Hemsworth,Anne Hathaway
The Dark Dream Chronicles,George Lucas,2021,Horreur,Hugh Jackman,Sandra Bullock,Ryan Gosling
The Hidden Mission Story,Christopher Nolan,2018,Animation,Keanu Reeves,Tom Cruise,Hugh Jackman
The Infinite Shadow Project,Bong Joon-ho,2021,Comédie,Morgan Freeman,Emily Blunt,Charlize Theron
The Golden Mission Chronicles,Ron Howard,2015,Comédie,Sandra Bullock,Tom Cruise,Robert De Niro
The Burning Shadow Story,Robert Zemeckis,1986,Drame,Matt Damon,Al Pacino,Zendaya
The Silent Mission Story,Francis Ford Coppola,2011,Action,Gal Gadot,Johnny Depp,Charlize Theron
The Broken Truth Chronicles,Steven Spielberg,2018,Animation,Scarlett Johansson,Zendaya,Joaquin Phoenix
The Hidden Secret Game,Bong Joon-ho,2018,Thriller,Morgan Freeman,Denzel Washington,Chris Evans
The Hidden Journey Protocol,Robert Zemeckis,2004,Drame,Leonardo DiCaprio,Anne Hathaway,Matt Damon
The Golden Journey Story,Greta Gerwig,1983,Science-fiction,Mark Ruffalo,Sandra Bullock,Joaquin Phoenix
The Infinite Shadow Chronicles,Martin Scorsese,2018,Horreur,Chris Hemsworth,Christian Bale,Scarlett Johansson
The Silent Shadow Code,James Cameron,1989,Action,Sandra Bullock,Morgan Freeman,Brad Pitt
The Frozen Mission Saga,George Lucas,2002,Animation,Denzel Washington,Brad Pitt,Leonardo DiCaprio
The Last Shadow Saga,Coen Brothers,1990,Action,Johnny Depp,Jennifer Lawrence,Robert De Niro
The Infinite Journey Project,David Fincher,1990,Action,Al Pacino,Tom Hanks,Chris Hemsworth
The Burning Shadow Saga,Steven Spielberg,1998,Animation,Jennifer Lawrence,Chris Evans,Hugh Jackman
The Golden Shadow Project,George Lucas,2015,Drame,Anne Hathaway,Al Pacino,Cate Blanchett
The Burning Mission Story,James Cameron,2008,Drame,Christian Bale,Denzel Washington,Emma Stone
The Broken Secret Files,Greta Gerwig,2010,Comédie,Scarlett Johansson,Denzel Washington,Natalie Portman
The Infinite Promise Project,Wes Anderson,1982,Animation,Johnny Depp,Emily Blunt,Leonardo DiCaprio
The Hidden Secret Project,Quentin Tarantino,2014,Science-fiction,Charlize Theron,Tom Hanks,Gal Gadot
The Infinite Truth Project,Bong Joon-ho,2020,Romance,Matt Damon,Chris Evans,Johnny Depp
The Dark Mission Story,Bong Joon-ho,1991,Animation,Hugh Jackman,Keanu Reeves,Anne Hathaway
The Infinite Truth Chronicles,Ron Howard,1993,Drame,Sandra Bullock,Al Pacino,Christian Bale
The Lost Shadow Saga,Guillermo del Toro,1985,Animation,Joaquin Phoenix,Tom Hanks,Keanu Reeves
The Dark Echo Legacy,Christopher Nolan,2015,Comédie,Natalie Portman,Tom Hanks,Keanu Reeves
The Hidden Secret Project,James Cameron,1989,Action,Denzel Washington,Meryl Streep,Morgan Freeman
The Burning Echo Game,David Fincher,2018,Comédie,Matt Damon,Joaquin Phoenix,Mark Ruffalo
The Burning Truth Project,Robert Zemeckis,2012,Drame,Chris Hemsworth,Brad Pitt,Gal Gadot
The Golden Mission Saga,Ridley Scott,1993,Romance,Chris Evans,Ryan Gosling,Sandra Bullock
The Golden Secret Files,George Lucas,1983,Science-fiction,Tom Cruise,Joaquin Phoenix,Matt Damon
The Broken Promise Protocol,Stanley Kubrick,2019,Comédie,Mark Ruffalo,Charlize Theron,Cate Blanchett
The Broken Echo Protocol,Coen Brothers,1989,Action,Tom Cruise,Morgan Freeman,Mark Ruffalo
The Broken Echo Affair,James Cameron,1988,Thriller,Johnny Depp,Emily Blunt,Christian Bale
The Silent Journey Protocol,Ridley Scott,2021,Romance,Al Pacino,Cate Blanchett,Tom Hanks
The Broken Echo Story,George Lucas,1980,Drame,Joaquin Phoenix,Anne Hathaway,Cate Blanchett
The Silent Dream Project,Bong Joon-ho,1990,Comédie,Christian Bale,Emily Blunt,Matt Damon
The Frozen Truth Project,Ron Howard,2023,Thriller,Mark Ruffalo,Leonardo DiCaprio,Ryan Gosling
The Lost Echo Code,Christopher Nolan,1985,Drame,Christian Bale,Emma Stone,Anne Hathaway
The Infinite Shadow Chronicles,Guillermo del Toro,1984,Action,Sandra Bullock,Keanu Reeves,Chris Hemsworth
The Broken Shadow Legacy,George Lucas,1990,Romance,Mark Ruffalo,Johnny Depp,Anne Hathaway
The Silent Truth Project,Martin Scorsese,1987,Drame,Tom Hanks,Ryan Gosling,Zendaya
The Hidden Memory Chronicles,Greta Gerwig,2009,Science-fiction,Mark Ruffalo,Al Pacino,Robert De Niro
The Frozen Empire Protocol,Greta Gerwig,2006,Animation,Anne Hathaway,Jennifer Lawrence,Cate Blanchett
The Hidden Truth Legacy,Ron Howard,2019,Thriller,Meryl Streep,Mark Ruffalo,Natalie Portman
The Hidden Promise Protocol,Denis Villeneuve,2009,Animation,Keanu Reeves,Emily Blunt,Meryl Streep
The Golden Mission Chronicles,James Cameron,2015,Drame,Denzel Washington,Tom Hanks,Robert De Niro
The Hidden Dream Files,Steven Spielberg,2003,Thriller,Keanu Reeves,Al Pacino,Gal Gadot
The Lost Truth Files,Robert Zemeckis,1981,Action,Brad Pitt,Chris Hemsworth,Denzel Washington
The Dark Shadow Project,Stanley Kubrick,2018,Comédie,Leonardo DiCaprio,Cate Blanchett,Natalie Portman
The Golden Journey Project,George Lucas,2000,Horreur,Tom Hanks,Johnny Depp,Scarlett Johansson
The Golden Secret Legacy,Peter Jackson,2014,Animation,Chris Hemsworth,Denzel Washington,Tom Cruise
The Hidden Dream Protocol,Greta Gerwig,2014,Thriller,Al Pacino,Denzel Washington,Jennifer Lawrence
The Frozen Mission Files,Quentin Tarantino,2022,Science-fiction,Hugh Jackman,Tom Cruise,Robert De Niro
The Frozen Empire Story,Greta Gerwig,1994,Romance,Johnny Depp,Mark Ruffalo,Morgan Freeman
The Infinite Truth Project,Ron Howard,2019,Drame,Emma Stone,Chris Hemsworth,Matt Damon
The Hidden Echo Chronicles,Tim Burton,2009,Science-fiction,Sandra Bullock,Brad Pitt,Al Pacino
The Frozen Memory Game,Denis Villeneuve,2014,Romance,Tom Hanks,Sandra Bullock,Jennifer Lawrence
The Last Truth Files,Stanley Kubrick,2013,Thriller,Al Pacino,Joaquin Phoenix,Emily Blunt
The Burning Journey Project,James Cameron,2011,Horreur,Zendaya,Charlize Theron,Joaquin Phoenix
The Golden Dream Chronicles,Bong Joon-ho,2015,Thriller,Ryan Gosling,Cate Blanchett,Chris Evans
The Silent Echo Protocol,Tim Burton,2004,Science-fiction,Natalie Portman,Al Pacino,Anne Hathaway
The Dark Truth Project,Peter Jackson,2021,Science-fiction,Emily Blunt,Charlize Theron,Meryl Streep
The Infinite Promise Affair,Ridley Scott,2008,Thriller,Zendaya,Leonardo DiCaprio,Chris Hemsworth
The Silent Journey Story,Stanley Kubrick,2019,Comédie,Cate Blanchett,Johnny Depp,Joaquin Phoenix
The Hidden Empire Files,Bong Joon-ho,2017,Drame,Emily Blunt,Denzel Washington,Tom Cruise
The Golden Mission Saga,Steven Spielberg,1984,Comédie,Morgan Freeman,Ryan Gosling,Hugh Jackman
The Lost Journey Game,Ridley Scott,2001,Drame,Ryan Gosling,Zendaya,Anne Hathaway
The Frozen Journey Protocol,Coen Brothers,2005,Drame,Joaquin Phoenix,Chris Hemsworth,Keanu Reeves
The Infinite Promise Project,Tim Burton,2018,Action,Brad Pitt,Scarlett Johansson,Tom Hanks
The Hidden Mission Files,Bong Joon-ho,1981,Drame,Morgan Freeman,Chris Evans,Scarlett Johansson
The Frozen Journey Project,Robert Zemeckis,1986,Science-fiction,Chris Hemsworth,Natalie Portman,Chris Evans
The Last Secret Story,Wes Anderson,2017,Horreur,Al Pacino,Leonardo DiCaprio,Cate Blanchett
The Burning Empire Saga,James Cameron,1990,Animation,Emma Stone,Leonardo DiCaprio,Natalie Portman
The Burning Dream Project,Coen Brothers,2008,Action,Sandra Bullock,Brad Pitt,Gal Gadot
The Golden Journey Files,Bong Joon-ho,1985,Animation,Chris Evans,Scarlett Johansson,Emily Blunt
The Lost Promise Story,Ridley Scott,2009,Animation,Anne Hathaway,Ryan Gosling,Zendaya
The Broken Promise Game,Ron Howard,1988,Action,Joaquin Phoenix,Mark Ruffalo,Chris Hemsworth
The Frozen Truth Game,Christopher Nolan,1992,Romance,Keanu Reeves,Cate Blanchett,Gal Gadot
The Silent Dream Story,Christopher Nolan,2007,Action,Hugh Jackman,Robert De Niro,Morgan Freeman
The Golden Shadow Game,Robert Zemeckis,2023,Science-fiction,Morgan Freeman,Christian Bale,Matt Damon
The Infinite Shadow Project,Coen Brothers,2024,Thriller,Matt Damon,Mark Ruffalo,Anne Hathaway
The Burning Empire Story,Stanley Kubrick,1986,Romance,Brad Pitt,Matt Damon,Sandra Bullock
The Burning Journey Protocol,George Lucas,1994,Comédie,Tom Hanks,Chris Evans,Emma Stone
The Golden Mission Chronicles,Ridley Scott,2003,Drame,Johnny Depp,Tom Hanks,Ryan Gosling
The Silent Memory Files,George Lucas,1981,Action,Meryl Streep,Charlize Theron,Anne Hathaway
The Hidden Shadow Legacy,Steven Spielberg,1980,Action,Jennifer Lawrence,Tom Hanks,Cate Blanchett
The Last Mission Game,Francis Ford Coppola,1989,Horreur,Tom Cruise,Hugh Jackman,Scarlett Johansson
The Burning Memory Saga,David Fincher,2006,Thriller,Gal Gadot,Morgan Freeman,Jennifer Lawrence
The Broken Secret Game,Guillermo del Toro,1989,Horreur,Zendaya,Leonardo DiCaprio,Jennifer Lawrence
The Burning Shadow Files,Martin Scorsese,2004,Comédie,Jennifer Lawrence,Chris Hemsworth,Leonardo DiCaprio
The Golden Dream Files,Tim Burton,2006,Thriller,Joaquin Phoenix,Emily Blunt,Robert De Niro
The Dark Echo Files,Ron Howard,2020,Drame,Emily Blunt,Mark Ruffalo,Brad Pitt
The Dark Empire Project,Peter Jackson,2012,Comédie,Morgan Freeman,Anne Hathaway,Brad Pitt
The Dark Shadow Code,Francis Ford Coppola,2024,Drame,Sandra Bullock,Emma Stone,Cate Blanchett
The Last Secret Protocol,David Fincher,2011,Drame,Charlize Theron,Mark Ruffalo,Natalie Portman
The Silent Mission Legacy,Denis Villeneuve,1999,Science-fiction,Tom Hanks,Chris Hemsworth,Hugh Jackman
The Infinite Dream Code,David Fincher,1980,Animation,Johnny Depp,Natalie Portman,Al Pacino
The Last Memory Code,James Cameron,2019,Horreur,Denzel Washington,Morgan Freeman,Keanu Reeves
The Infinite Mission Game,Denis Villeneuve,1996,Action,Jennifer Lawrence,Sandra Bullock,Zendaya
The Silent Journey Files,Martin Scorsese,1991,Animation,Scarlett Johansson,Gal Gadot,Brad Pitt
The Silent Promise Story,Robert Zemeckis,2010,Romance,Sandra Bullock,Denzel Washington,Hugh Jackman
The Hidden Empire Code,Peter Jackson,1998,Romance,Matt Damon,Morgan Freeman,Ryan Gosling
The Hidden Empire Code,Guillermo del Toro,2018,Thriller,Al Pacino,Tom Cruise,Natalie Portman
The Broken Shadow Files,Stanley Kubrick,2003,Science-fiction,Mark Ruffalo,Keanu Reeves,Chris Hemsworth
The Golden Dream Affair,Stanley Kubrick,1995,Horreur,Emily Blunt,Meryl Streep,Morgan Freeman
The Hidden Promise Files,Quentin Tarantino,1984,Horreur,Cate Blanchett,Jennifer Lawrence,Zendaya
The Golden Mission Chronicles,Peter Jackson,2010,Drame,Natalie Portman,Chris Hemsworth,Cate Blanchett
The Burning Empire Story,Martin Scorsese,1981,Science-fiction,Joaquin Phoenix,Mark Ruffalo,Cate Blanchett
The Dark Promise Code,Guillermo del Toro,1993,Animation,Robert De Niro,Charlize Theron,Leonardo DiCaprio
The Hidden Dream Story,Steven Spielberg,1993,Drame,Hugh Jackman,Keanu Reeves,Chris Hemsworth
The Last Echo Legacy,Martin Scorsese,2023,Drame,Mark Ruffalo,Meryl Streep,Joaquin Phoenix
The Hidden Secret Saga,Quentin Tarantino,1987,Comédie,Denzel Washington,Jennifer Lawrence,Emma Stone
The Burning Promise Story,Denis Villeneuve,2021,Animation,Leonardo DiCaprio,Meryl Streep,Chris Hemsworth
The Lost Shadow Chronicles,Stanley Kubrick,1997,Drame,Ryan Gosling,Christian Bale,Emma Stone
The Lost Echo Project,George Lucas,2005,Action,Leonardo DiCaprio,Al Pacino,Tom Cruise
The Dark Truth Files,Tim Burton,1998,Drame,Tom Hanks,Chris Hemsworth,Tom Cruise
The Hidden Dream Affair,George Lucas,2012,Animation,Hugh Jackman,Morgan Freeman,Leonardo DiCaprio
The Broken Journey Legacy,George Lucas,1989,Thriller,Meryl Streep,Leonardo DiCaprio,Emma Stone
The Frozen Shadow Game,Stanley Kubrick,1994,Animation,Tom Cruise,Leonardo DiCaprio,Cate Blanchett
The Last Echo Chronicles,Bong Joon-ho,2021,Science-fiction,Anne Hathaway,Denzel Washington,Tom Hanks
The Silent Empire Files,Martin Scorsese,1996,Horreur,Charlize Theron,Meryl Streep,Keanu Reeves
The Frozen Truth Code,Quentin Tarantino,2001,Animation,Emily Blunt,Natalie Portman,Brad Pitt
The Frozen Echo Game,Martin Scorsese,1991,Horreur,Meryl Streep,Ryan Gosling,Natalie Portman
The Lost Echo Files,Christopher Nolan,2012,Romance,Chris Evans,Cate Blanchett,Anne Hathaway
The Burning Echo Files,Stanley Kubrick,2024,Drame,Jennifer Lawrence,Cate Blanchett,Matt Damon
The Lost Dream Chronicles,George Lucas,1996,Drame,Al Pacino,Anne Hathaway,Chris Evans
The Hidden Shadow Story,Stanley Kubrick,2001,Science-fiction,Zendaya,Scarlett Johansson,Mark Ruffalo
The Frozen Promise Story,Robert Zemeckis,1980,Thriller,Brad Pitt,Anne Hathaway,Morgan Freeman
The Dark Echo Story,George Lucas,2005,Drame,Emily Blunt,Anne Hathaway,Tom Cruise
The Broken Dream Files,Martin Scorsese,2012,Horreur,Emily Blunt,Gal Gadot,Mark Ruffalo
The Dark Secret Project,James Cameron,2006,Thriller,Natalie Portman,Leonardo DiCaprio,Denzel Washington
The Broken Journey Story,Steven Spielberg,2023,Thriller,Cate Blanchett,Al Pacino,Chris Hemsworth
The Last Memory Project,Tim Burton,1988,Animation,Meryl Streep,Brad Pitt,Robert De Niro
The Lost Journey Code,James Cameron,1992,Romance,Charlize Theron,Chris Hemsworth,Chris Evans
The Broken Shadow Game,Tim Burton,2005,Romance,Tom Cruise,Chris Hemsworth,Anne Hathaway
The Lost Promise Protocol,Bong Joon-ho,2018,Drame,Mark Ruffalo,Anne Hathaway,Denzel Washington
The Silent Mission Chronicles,Ron Howard,2009,Comédie,Scarlett Johansson,Charlize Theron,Keanu Reeves
The Last Truth Protocol,Francis Ford Coppola,2018,Horreur,Gal Gadot,Morgan Freeman,Chris Evans
The Burning Dream Files,George Lucas,1998,Romance,Jennifer Lawrence,Emily Blunt,Matt Damon
The Broken Promise Saga,Greta Gerwig,1980,Action,Ryan Gosling,Denzel Washington,Al Pacino
The Last Mission Protocol,Martin Scorsese,2020,Comédie,Tom Hanks,Gal Gadot,Scarlett Johansson
The Hidden Secret Story,Bong Joon-ho,2007,Horreur,Hugh Jackman,Anne Hathaway,Charlize Theron
The Dark Promise Story,James Cameron,2011,Romance,Anne Hathaway,Al Pacino,Meryl Streep
The Frozen Memory Chronicles,Ron Howard,1994,Thriller,Charlize Theron,Chris Evans,Anne Hathaway
The Frozen Echo Chronicles,Steven Spielberg,2024,Comédie,Zendaya,Anne Hathaway,Chris Hemsworth
The Silent Empire Project,Greta Gerwig,1994,Action,Chris Hemsworth,Gal Gadot,Denzel Washington
The Silent Secret Chronicles,James Cameron,1987,Thriller,Sandra Bullock,Natalie Portman,Scarlett Johansson
The Lost Dream Affair,Francis Ford Coppola,1983,Thriller,Joaquin Phoenix,Gal Gadot,Emma Stone
The Silent Journey Story,Quentin Tarantino,1989,Romance,Christian Bale,Robert De Niro,Tom Hanks
The Dark Echo Chronicles,James Cameron,1991,Horreur,Scarlett Johansson,Johnny Depp,Mark Ruffalo
The Broken Journey Affair,George Lucas,2018,Science-fiction,Chris Evans,Al Pacino,Scarlett Johansson
The Golden Mission Affair,Quentin Tarantino,2018,Animation,Sandra Bullock,Christian Bale,Chris Hemsworth
